"Women_Status","Men_Status","Count","overall_pct","row_pct","col_pct","cell_text"
"No diabetes","No diabetes",995,96.1352657004831,98.0295566502463,98.1262327416174,"995 (96.1%)
(98.0%)
(98.1%)"
"Diabetes","No diabetes",19,1.83574879227053,95,1.87376725838264,"19 (1.8%)
(95.0%)
(1.9%)"
"No diabetes","Diabetes",20,1.93236714975845,1.97044334975369,95.2380952380952,"20 (1.9%)
(2.0%)
(95.2%)"
"Diabetes","Diabetes",1,0.0966183574879227,5,4.76190476190476,"1 (0.1%)
(5.0%)
(4.8%)"
